{
  "vlm": {
    "bicycle": {
      "count": 38,
      "tp": 147,
      "fp": 62,
      "fn": 58,
      "tn": 341,
      "precision": 0.7033492822966507,
      "recall": 0.7170731707317073,
      "accuracy": 0.8026315789473685,
      "f1": 0.7101449275362318
    },
    "motorcycle": {
      "count": 73,
      "tp": 408,
      "fp": 147,
      "fn": 67,
      "tn": 546,
      "precision": 0.7351351351351352,
      "recall": 0.8589473684210527,
      "accuracy": 0.8167808219178082,
      "f1": 0.792233009708738
    },
    "crosswalk": {
      "count": 8,
      "tp": 38,
      "fp": 10,
      "fn": 25,
      "tn": 55,
      "precision": 0.7916666666666666,
      "recall": 0.6031746031746031,
      "accuracy": 0.7265625,
      "f1": 0.6846846846846846
    },
    "traffic light": {
      "count": 36,
      "tp": 136,
      "fp": 54,
      "fn": 44,
      "tn": 342,
      "precision": 0.7157894736842105,
      "recall": 0.7555555555555555,
      "accuracy": 0.8298611111111112,
      "f1": 0.7351351351351352
    },
    "bus": {
      "count": 29,
      "tp": 175,
      "fp": 36,
      "fn": 38,
      "tn": 215,
      "precision": 0.8293838862559242,
      "recall": 0.8215962441314554,
      "accuracy": 0.8405172413793104,
      "f1": 0.8254716981132075
    },
    "fire hydrant": {
      "count": 6,
      "tp": 31,
      "fp": 16,
      "fn": 4,
      "tn": 45,
      "precision": 0.6595744680851063,
      "recall": 0.8857142857142857,
      "accuracy": 0.7916666666666666,
      "f1": 0.7560975609756098
    },
    "stairs": {
      "count": 13,
      "tp": 56,
      "fp": 25,
      "fn": 12,
      "tn": 115,
      "precision": 0.691358024691358,
      "recall": 0.8235294117647058,
      "accuracy": 0.8221153846153846,
      "f1": 0.7516778523489933
    },
    "taxi": {
      "count": 1,
      "tp": 6,
      "fp": 2,
      "fn": 0,
      "tn": 8,
      "precision": 0.75,
      "recall": 1.0,
      "accuracy": 0.875,
      "f1": 0.8571428571428571
    }
  }
}